{"cameraMode":{"drawMode":0,"name":"Shaded","section":"Shading Mode"},"sceneLighting":true,"audioPlay":false,"sceneViewState":{"showFog":true,"showMaterialUpdate":false,"showSkybox":true,"showFlares":true,"showImageEffects":true,"showParticleSystems":true},"in2DMode":false,"pivot":{"x":-0.14974403381347657,"y":-0.6497993469238281,"z":0.5351099967956543},"rotation":{"x":-0.15992523729801179,"y":0.7407876253128052,"z":-0.18979321420192719,"w":-0.6242090463638306},"size":3.9073946475982668,"orthographic":false}